poid,subcontractor
1011HG3692387-833-1-1,Wabranco For Contracting
1011HG3692387-834-1-1,Wabranco For Contracting
1011HG3692386-1792-1-1,Wabranco For Contracting
1011HG3692386-1808-1-1,Wabranco For Contracting
1011HG3692386-1793-1-1,Wabranco For Contracting
1011HG3692386-1635-1-1,Wabranco For Contracting
1011HG3692386-1580-1-1,Wabranco For Contracting
1011HG3692386-1579-1-1,Wabranco For Contracting
1011HG3692386-1989-1-1,Wabranco For Contracting
1011HG3692386-1990-1-1,Wabranco For Contracting
1011HG3692386-1718-1-1,Wabranco For Contracting
1011HG3692386-1717-1-1,Wabranco For Contracting
1011HG3692386-1761-1-1,Wabranco For Contracting
1011HG3692386-1843-1-1,Wabranco For Contracting
1011HG3692386-1844-1-1,Wabranco For Contracting
1011HG3692386-1844-2-1,Wabranco For Contracting
1011HG3692386-1987-1-1,Wabranco For Contracting
1011HG3692386-1988-1-1,Wabranco For Contracting
1011HG3692386-1767-1-1,Wabranco For Contracting
1011HG3692386-1797-1-1,Wabranco For Contracting
1011HG3692386-1766-1-1,Wabranco For Contracting
1011HG3692386-1649-1-1,Wabranco For Contracting
1011HG3692386-1732-1-1,Wabranco For Contracting
1011HG3692386-1650-1-1,Wabranco For Contracting
1011HG3692386-1813-1-1,Wabranco For Contracting
1011HG3692386-1814-1-1,Wabranco For Contracting
1011HG3692386-1985-1-1,Wabranco For Contracting
1011HG3692386-1986-1-1,Wabranco For Contracting
1011HG3692386-1840-1-1,Wabranco For Contracting
1011HG3692386-1839-1-1,Wabranco For Contracting
1011HG3692386-1839-2-1,Wabranco For Contracting
1011HG3692386-1871-1-1,Wabranco For Contracting
1011HG3692386-1715-1-1,Wabranco For Contracting
1011HG3692386-1716-1-1,Wabranco For Contracting
1011HG3692386-1760-1-1,Wabranco For Contracting
1011HG3692386-1916-1-1,Wabranco For Contracting
1011HG3692386-1969-1-1,Wabranco For Contracting
1011HG3692386-1915-1-1,Wabranco For Contracting
1011HG3692386-1919-1-1,Wabranco For Contracting
1011HG3692386-1919-2-1,Wabranco For Contracting
1011HG3692386-1919-3-1,Wabranco For Contracting
1011HG3692386-1636-1-1,Wabranco For Contracting
1011HG3692386-1582-1-1,Wabranco For Contracting
1011HG3692386-1581-1-1,Wabranco For Contracting
1011HG3692387-911-1-1,Wabranco For Contracting
1011HG3692387-912-1-1,Wabranco For Contracting
1011HG3692387-913-1-1,Wabranco For Contracting
1011HG3692387-913-2-1,Wabranco For Contracting
1011HG3692387-913-3-1,Wabranco For Contracting
1011HG3692386-2008-1-1,Wabranco For Contracting
1011HG3692386-2008-2-1,Wabranco For Contracting
1011HG3692386-2009-1-1,Wabranco For Contracting
1011HG3692386-2036-1-1,Wabranco For Contracting
1011HG3692386-1842-1-1,Wabranco For Contracting
1011HG3692386-1841-1-1,Wabranco For Contracting
1011HG3692386-1845-1-1,Wabranco For Contracting
1011HG3692386-1845-2-1,Wabranco For Contracting
1011HG3692386-1845-3-1,Wabranco For Contracting
1011HG3692386-1833-1-1,Wabranco For Contracting
1011HG3692386-1834-1-1,Wabranco For Contracting
1011HG3692386-1873-1-1,Wabranco For Contracting
1011HG3692386-1835-1-1,Wabranco For Contracting
1011HG3692386-1835-2-1,Wabranco For Contracting
1011HG3692386-1835-3-1,Wabranco For Contracting
1011HG3692386-1634-1-1,Wabranco For Contracting
1011HG3692386-1577-1-1,Wabranco For Contracting
1011HG3692386-1578-1-1,Wabranco For Contracting
1011HG3692386-1578-2-1,Wabranco For Contracting
1011HG3692386-1852-1-1,Wabranco For Contracting
1011HG3692386-1851-1-1,Wabranco For Contracting
1011HG3692386-1654-1-1,Wabranco For Contracting
1011HG3692386-1733-1-1,Wabranco For Contracting
1011HG3692386-1655-1-1,Wabranco For Contracting
1011HG3692386-2010-1-1,Wabranco For Contracting
1011HG3692386-2011-1-1,Wabranco For Contracting
1011HG3692386-2034-1-1,Wabranco For Contracting
1011HG3692386-1918-1-1,Wabranco For Contracting
1011HG3692386-1917-1-1,Wabranco For Contracting
1011HG3692386-1952-1-1,Wabranco For Contracting
1011HG3692386-1953-1-1,Wabranco For Contracting
1011HG3692386-1983-1-1,Wabranco For Contracting
1011HG3692386-1954-1-1,Wabranco For Contracting
1011HG3692386-1954-2-1,Wabranco For Contracting
1011HG3692386-1954-3-1,Wabranco For Contracting
1011HG3692386-1648-1-1,Wabranco For Contracting
1011HG3692386-1730-1-1,Wabranco For Contracting
1011HG3692386-1647-1-1,Wabranco For Contracting
1011HG3692386-1653-1-1,Wabranco For Contracting
1011HG3692386-1653-2-1,Wabranco For Contracting
1011HG3692386-1653-3-1,Wabranco For Contracting
1011HG3692386-1637-1-1,Wabranco For Contracting
1011HG3692386-1584-1-1,Wabranco For Contracting
1011HG3692386-1583-1-1,Wabranco For Contracting
1011HG3692386-1589-1-1,Wabranco For Contracting
1011HG3692386-1589-3-1,Wabranco For Contracting
1011HG3692386-1589-2-1,Wabranco For Contracting
1011HG3692386-2006-1-1,Wabranco For Contracting
1011HG3692386-2007-1-1,Wabranco For Contracting
1011HG3692386-2035-1-1,Wabranco For Contracting
1011HG3692386-1949-1-1,Wabranco For Contracting
1011HG3692386-1948-1-1,Wabranco For Contracting
1011HG3692386-1984-1-1,Wabranco For Contracting
1011HG3692386-1811-1-1,Wabranco For Contracting
1011HG3692386-1812-1-1,Wabranco For Contracting
1011HG3692386-1827-1-1,Wabranco For Contracting
1011HG3692386-1815-1-1,Wabranco For Contracting
1011HG3692386-1815-2-1,Wabranco For Contracting
1011HG3692386-1815-3-1,Wabranco For Contracting
1011HG3692386-1633-1-1,Wabranco For Contracting
1011HG3692386-1576-1-1,Wabranco For Contracting
1011HG3692386-1575-1-1,Wabranco For Contracting
1011HG3692386-1757-1-1,Wabranco For Contracting
1011HG3692386-1756-1-1,Wabranco For Contracting
1011HG3692386-1764-1-1,Wabranco For Contracting
1011HG3692386-1713-1-1,Wabranco For Contracting
1011HG3692386-1714-1-1,Wabranco For Contracting
1011HG3692386-1759-1-1,Wabranco For Contracting
1011HG3692387-902-1-1,Wabranco For Contracting
1011HG3692387-903-1-1,Wabranco For Contracting
1011HG3692387-914-1-1,Wabranco For Contracting
1011HG3692386-1746-1-1,Wabranco For Contracting
1011HG3692386-1745-1-1,Wabranco For Contracting
1011HG3692386-1762-1-1,Wabranco For Contracting
1011HG3692386-1651-1-1,Wabranco For Contracting
1011HG3692386-1731-1-1,Wabranco For Contracting
1011HG3692386-1652-1-1,Wabranco For Contracting
1011HG3692386-1791-1-1,Wabranco For Contracting
1011HG3692386-1807-1-1,Wabranco For Contracting
1011HG3692386-1790-1-1,Wabranco For Contracting
1011HG3692386-1817-1-1,Wabranco For Contracting
1011HG3692386-1816-1-1,Wabranco For Contracting
1011HG3692386-1872-1-1,Wabranco For Contracting
1011HG3692386-1818-1-1,Wabranco For Contracting
1011HG3692386-1818-2-1,Wabranco For Contracting
1011HG3692386-1818-3-1,Wabranco For Contracting
1011HG3692387-820-1-1,Wabranco For Contracting
1011HG3692387-819-1-1,Wabranco For Contracting
1011HG3692387-847-1-1,Wabranco For Contracting
1011HG3692386-1638-1-1,Wabranco For Contracting
1011HG3692386-1585-1-1,Wabranco For Contracting
1011HG3692386-1586-1-1,Wabranco For Contracting
1011HG3692386-1586-2-1,Wabranco For Contracting
1011HG3692386-1719-1-1,Wabranco For Contracting
1011HG3692386-1720-1-1,Wabranco For Contracting
1011HG3692386-1763-1-1,Wabranco For Contracting
1011HG3692387-936-1-1,Wabranco For Contracting
1011HG3692386-2162-1-1,Wabranco For Contracting
1011HG3692386-2163-1-1,Wabranco For Contracting
1011HG3692386-2254-1-1,Wabranco For Contracting
1011HG3692386-2253-1-1,Wabranco For Contracting
1011HG3692387-668-1-1,Shabakath Saudia Contracting Co.
1011HG3692387-670-1-1,Shabakath Saudia Contracting Co.
1011HG3692387-669-1-1,Shabakath Saudia Contracting Co.
1011HG3692386-1838-1-1,Shabakath Saudia Contracting Co.
1011HG3692387-665-1-1,Shabakath Saudia Contracting Co.
1011HG3692387-667-1-1,Shabakath Saudia Contracting Co.
1011HG3692387-666-1-1,Shabakath Saudia Contracting Co.
1011HG3068810-1440-1-1,INet Telecom F&C
1011HG3068809-4289-1-1,INet Telecom F&C
1011HG3068809-4290-1-1,INet Telecom F&C
1011HG3068809-4293-1-1,INet Telecom F&C
1011HG3692386-1810-1-1,INet Telecom F&C
1011HG3692386-1810-2-1,INet Telecom F&C
1011HG3692386-1810-3-1,INet Telecom F&C
1011HG3692387-214-3-1,Mabran Al Arabia Contracting Company
1011HG3692387-216-1-1,Mabran Al Arabia Contracting Company
1011HG3692387-216-2-1,Mabran Al Arabia Contracting Company
1011HG3692387-222-1-1,Mabran Al Arabia Contracting Company
1011HG3692387-224-1-1,Mabran Al Arabia Contracting Company
1011HG3692386-1070-1-1,Radar Networks Establishment
1011HG3068809-2794-1-1,Saleh Abdul Aziz Al Dosari Contracting Company
1011HG3068809-2993-2-1,Saleh Abdul Aziz Al Dosari Contracting Company
1011HG3068809-3164-2-1,Saleh Abdul Aziz Al Dosari Contracting Company
1011HG3068809-3417-1-1,Saleh Abdul Aziz Al Dosari Contracting Company
1011HG3068809-3477-1-1,Saleh Abdul Aziz Al Dosari Contracting Company
1011HG3068809-3886-1-1,Saleh Abdul Aziz Al Dosari Contracting Company
1011HG3692386-1020-2-1,Saleh Abdul Aziz Al Dosari Contracting Company
